interview_date,village,years_farm,agr_assoc,no_membrs,remittance_money,years_liv,parents_liv,sp_parents_liv,grand_liv,sp_grand_liv,roof_type,wall_type,floor_type,window_type,buildings_in_compound,rooms,other_buildings,no_plots,water_use,no_group_count,yes_group_count,no_enough_water,months_no_water,period_use,exper_other,other_meth,res_change,memb_assoc,resp_assoc,fees_water,affect_conflicts,need_money,money_source,money_source_other,crops_contr,emply_lab,du_labour,liv_owned,liv_owned_other,liv_count,poultry,du_look_aftr_cows,items_owned,items_owned_other,no_meals,months_lack_food,no_food_mitigation,gps_Latitude,gps_Longitude,gps_Altitude,gps_Accuracy
17-Nov-16,Village_A,11,no,3,no,4,no,yes,no,yes,grass,muddaub,earth,no,1,1,no,2,no,2,NULL,NULL,NULL,NULL,NULL,NULL,NULL,NULL,NULL,NULL,NULL,NULL,NULL,NULL,NULL,no,no,['poultry'],NULL,1,yes,no,['bicycle' ;  'television' ;  'solar_panel' ;  'table'],NULL,2,['Jan'],['na' ;  'rely_less_food' ;  'reduce_meals' ;  'day_night_hungry'],-19.11225943,33.48345609,698,14
17-Nov-16,Village_A,2,yes,7,no,9,yes,yes,yes,yes,grass,muddaub,earth,no,1,1,no,3,yes,NULL,3,yes,['Aug' ;  'Sept'],2,yes,no,NULL,yes,no,no,once,no,NULL,NULL,more_half,yes,no,['oxen' ;  'cows' ;  'goats'],NULL,3,yes,no,['cow_cart' ;  'bicycle' ;  'radio' ;  'cow_plough' ;  'solar_panel' ;  'solar_torch' ;  'table' ;  'mobile_phone'],NULL,2,['Jan' ;  'Sept' ;  'Oct' ;  'Nov' ;  'Dec'],['na' ;  'reduce_meals' ;  'restrict_adults' ;  'borrow_food' ;  'seek_government'],-19.11247712,33.48341568,690,19
17-Nov-16,Village_A,40,no,10,no,15,no,no,no,no,mabatisloping,burntbricks,cement,yes,1,1,no,1,no,1,NULL,NULL,NULL,NULL,NULL,NULL,NULL,NULL,NULL,NULL,NULL,NULL,NULL,NULL,NULL,no,yes,['none'],NULL,1,yes,no,['solar_torch'],NULL,2,['Jan' ;  'Feb' ;  'Mar' ;  'Oct' ;  'Nov' ;  'Dec'],['na' ;  'restrict_adults' ;  'lab_ex_food'],-19.1121076,33.48344998,674,13
17-Nov-16,Village_A,6,no,7,no,6,no,no,no,no,mabatisloping,burntbricks,earth,no,1,1,no,3,no,3,NULL,NULL,NULL,NULL,NULL,NULL,NULL,NULL,NULL,NULL,NULL,NULL,NULL,NULL,NULL,no,yes,['oxen' ;  'cows'],NULL,2,yes,no,['bicycle' ;  'radio' ;  'cow_plough' ;  'solar_panel' ;  'mobile_phone'],NULL,2,['Sept' ;  'Oct' ;  'Nov' ;  'Dec'],['na' ;  'reduce_meals' ;  'restrict_adults' ;  'lab_ex_food'],-19.11222901,33.48342395,679,5
17-Nov-16,Village_A,18,no,7,no,40,yes,no,yes,no,grass,burntbricks,earth,no,1,1,no,2,no,2,NULL,NULL,NULL,NULL,NULL,NULL,NULL,NULL,NULL,NULL,NULL,NULL,NULL,NULL,NULL,no,no,['oxen' ;  'cows' ;  'goats' ;  'poultry'],NULL,4,yes,no,['motorcyle' ;  'radio' ;  'cow_plough' ;  'mobile_phone'],NULL,2,['Aug' ;  'Sept' ;  'Oct' ;  'Nov'],['na' ;  'go_forest' ;  'migrate'],-19.11221722,33.48342524,689,10
17-Nov-16,Village_A,3,no,3,no,3,no,no,no,no,grass,muddaub,earth,no,1,1,no,1,no,1,NULL,NULL,NULL,NULL,NULL,NULL,NULL,NULL,NULL,NULL,NULL,NULL,NULL,NULL,NULL,no,yes,['none'],NULL,1,no,no,NULL,NULL,2,['Aug' ;  'Sept' ;  'Oct'],['borrow_food' ;  'lab_ex_food' ;  'seek_government'],-19.1121959,33.48339187,692,12
17-Nov-16,Village_A,20,no,6,no,38,yes,no,yes,no,grass,muddaub,earth,no,1,1,yes,4,yes,NULL,4,yes,['Aug' ;  'Sept' ;  'Oct'],10,yes,no,NULL,no,NULL,no,never,no,NULL,NULL,more_half,no,no,['oxen'],NULL,1,no,no,['motorcyle' ;  'cow_plough'],NULL,3,['Nov'],['lab_ex_food'],-19.11221904,33.48336498,709,11
16-Nov-16,Villiage_B,16,yes,12,no,70,yes,yes,yes,yes,mabatisloping,burntbricks,cement,no,2,3,yes,2,yes,NULL,2,yes,['Sept' ;  'Oct'],10,yes,no,NULL,yes,yes,no,never,no,NULL,NULL,abt_half,yes,no,['oxen' ;  'goats'],NULL,2,yes,no,['motorcyle' ;  'bicycle' ;  'television' ;  'radio' ;  'cow_plough' ;  'solar_panel' ;  'solar_torch' ;  'table' ;  'fridge'],NULL,2,['Jan'],['rely_less_food' ;  'limit_variety' ;  'reduce_meals' ;  'restrict_adults' ;  'borrow_food'],-19.11215963,33.48341914,700,9
16-Nov-16,Villiage_B,16,no,8,no,6,yes,no,yes,no,grass,burntbricks,earth,no,2,1,yes,3,yes,NULL,3,yes,['Oct' ;  'Nov'],6,yes,no,NULL,no,NULL,no,never,no,NULL,NULL,more_half,yes,yes,['oxen' ;  'cows' ;  'goats'],NULL,3,yes,no,['television' ;  'solar_panel' ;  'solar_torch'],NULL,3,['Jan' ;  'Dec'],['rely_less_food' ;  'limit_variety' ;  'limit_portion' ;  'restrict_adults' ;  'lab_ex_food'],-19.11221518,33.48343695,701,11
16-Dec-16,Villiage_B,22,no,12,no,23,no,no,no,no,mabatisloping,burntbricks,cement,yes,1,5,no,2,yes,NULL,2,yes,['Sept' ;  'Oct' ;  'Nov'],22,yes,no,NULL,no,NULL,no,never,no,NULL,NULL,more_half,yes,no,['oxen' ;  'cows'],NULL,2,yes,no,['cow_cart' ;  'motorcyle' ;  'bicycle' ;  'television' ;  'radio' ;  'cow_plough' ;  'solar_panel' ;  'solar_torch' ;  'table'],NULL,3,['Jan' ;  'Oct' ;  'Nov' ;  'Dec'],['rely_less_food' ;  'limit_portion' ;  'restrict_adults' ;  'lab_ex_food'],-19.1122147,33.48339436,710,14
21-Nov-16,Village_A,6,no,6,no,20,yes,yes,no,yes,grass,sunbricks,earth,no,2,1,no,2,no,2,NULL,NULL,NULL,NULL,NULL,NULL,NULL,NULL,NULL,NULL,NULL,NULL,NULL,NULL,NULL,no,yes,['oxen' ;  'cows'],NULL,2,no,no,['radio' ;  'cow_plough'],NULL,2,['Oct' ;  'Nov'],['rely_less_food' ;  'lab_ex_food'],-19.11219126,33.48345933,707,10
21-Nov-16,Village_A,20,no,7,yes,20,no,no,no,no,mabatisloping,burntbricks,cement,no,2,3,no,2,yes,NULL,2,yes,['Aug' ;  'Sept' ;  'Oct' ;  'Nov'],20,yes,no,NULL,yes,no,no,never,no,NULL,NULL,more_half,no,no,['oxen' ;  'cows'],NULL,2,yes,no,['cow_cart' ;  'bicycle' ;  'radio' ;  'cow_plough' ;  'table'],NULL,3,['Sept' ;  'Oct'],['rely_less_food' ;  'limit_variety' ;  'reduce_meals' ;  'lab_ex_food'],-19.11229465,33.48341504,696,13
21-Nov-16,Village_A,7,yes,6,no,8,yes,no,yes,no,grass,burntbricks,earth,no,1,1,no,4,yes,NULL,4,yes,['Oct'],7,yes,no,NULL,no,NULL,no,never,no,NULL,NULL,more_half,yes,no,['cows' ;  'goats' ;  'poultry'],NULL,3,yes,no,['bicycle' ;  'radio' ;  'cow_plough' ;  'mobile_phone'],NULL,2,['Sept' ;  'Oct' ;  'Nov'],['lab_ex_food'],-19.11236935,33.48355635,706,15
21-Nov-16,Village_A,20,yes,10,no,20,yes,yes,no,yes,grass,burntbricks,earth,no,3,3,no,3,no,3,NULL,NULL,NULL,NULL,NULL,NULL,NULL,NULL,NULL,NULL,NULL,NULL,NULL,NULL,NULL,yes,yes,['oxen' ;  'cows' ;  'goats'],NULL,3,yes,no,['bicycle' ;  'radio' ;  'cow_plough' ;  'solar_panel' ;  'table' ;  'mobile_phone'],NULL,3,['June' ;  'July' ;  'Aug' ;  'Sept' ;  'Oct' ;  'Nov'],['reduce_meals' ;  'lab_ex_food'],-19.11222089,33.4834388,698,11
21-Nov-16,Village_A,30,yes,5,no,30,yes,yes,yes,yes,grass,sunbricks,earth,no,1,2,yes,3,yes,NULL,3,yes,['Sept' ;  'Oct' ;  'Nov'],30,yes,no,NULL,yes,no,no,once,no,NULL,NULL,abt_half,no,no,['oxen' ;  'cows' ;  'goats'],NULL,3,yes,no,['bicycle' ;  'radio' ;  'cow_plough' ;  'solar_panel' ;  'table'],NULL,2,['Jan' ;  'Feb' ;  'Mar' ;  'Apr' ;  'May' ;  'June' ;  'July' ;  'Aug' ;  'Sept' ;  'Oct' ;  'Nov'],['na' ;  'rely_less_food' ;  'limit_portion' ;  'reduce_meals' ;  'lab_ex_food'],-19.1120793,33.48339657,715,9
24-Nov-16,Village_A,24,yes,6,no,47,yes,yes,yes,yes,grass,muddaub,earth,yes,2,1,yes,1,no,1,NULL,NULL,NULL,NULL,NULL,NULL,NULL,NULL,NULL,NULL,NULL,NULL,NULL,NULL,NULL,yes,yes,['oxen' ;  'cows' ;  'goats' ;  'poultry'],NULL,4,no,no,['radio' ;  'cow_plough' ;  'solar_panel' ;  'solar_torch'],NULL,3,['Jan' ;  'Feb'],['lab_ex_food'],-19.11210678,33.48344397,709,9
21-Nov-16,Village_A,10,yes,8,no,20,no,no,no,no,grass,sunbricks,earth,no,2,1,no,3,no,3,NULL,NULL,NULL,NULL,NULL,NULL,NULL,NULL,NULL,NULL,NULL,NULL,NULL,NULL,NULL,no,yes,['goats'],NULL,1,no,yes,['mobile_phone'],NULL,2,['Nov' ;  'Dec'],['lab_ex_food'],-19.11218314,33.48346325,710,10
21-Nov-16,Village_A,6,no,4,no,20,yes,yes,no,yes,grass,muddaub,earth,no,1,1,no,2,no,2,NULL,NULL,NULL,NULL,NULL,NULL,NULL,NULL,NULL,NULL,NULL,NULL,NULL,NULL,NULL,no,yes,['goats' ;  'pigs' ;  'poultry'],NULL,3,yes,no,['bicycle' ;  'mobile_phone'],NULL,2,['Oct' ;  'Nov'],['reduce_meals' ;  'lab_ex_food'],-19.11133515,33.47630848,685,17
21-Nov-16,Village_A,20,yes,9,no,23,yes,yes,yes,yes,mabatisloping,burntbricks,earth,no,1,2,yes,2,no,2,NULL,NULL,NULL,NULL,NULL,NULL,NULL,NULL,NULL,NULL,NULL,NULL,NULL,NULL,NULL,yes,yes,['oxen' ;  'goats'],NULL,2,yes,no,['bicycle' ;  'radio' ;  'cow_plough' ;  'solar_panel' ;  'solar_torch' ;  'mobile_phone'],NULL,3,['Oct' ;  'Nov' ;  'Dec'],['rely_less_food' ;  'limit_portion' ;  'lab_ex_food' ;  'seek_government'],-19.11142642,33.47640837,716,30
21-Nov-16,Village_A,24,yes,6,no,1,yes,yes,yes,yes,grass,burntbricks,earth,yes,1,1,no,2,no,2,NULL,NULL,NULL,NULL,NULL,NULL,NULL,NULL,NULL,NULL,NULL,NULL,NULL,NULL,NULL,no,yes,['cows'],NULL,1,yes,yes,['bicycle' ;  'cow_plough' ;  'solar_torch'],NULL,2,['Oct' ;  'Nov'],['rely_less_food' ;  'lab_ex_food'],-19.11147317,33.47619213,700,27
21-Nov-16,Village_A,20,yes,8,no,20,no,yes,no,yes,mabatisloping,burntbricks,cement,no,1,1,no,4,yes,NULL,4,yes,['Oct'],20,yes,no,NULL,no,NULL,no,never,no,NULL,NULL,less_half,no,yes,['oxen' ;  'cows' ;  'goats'],NULL,3,yes,no,NULL,NULL,2,['Jan' ;  'Feb' ;  'Mar' ;  'Oct' ;  'Nov' ;  'Dec'],['rely_less_food' ;  'restrict_adults' ;  'day_night_hungry' ;  'lab_ex_food'],-19.11155014,33.47623134,707,20
21-Nov-16,Village_A,14,no,4,no,20,yes,yes,yes,yes,grass,muddaub,earth,no,1,1,no,1,no,1,NULL,NULL,NULL,NULL,NULL,NULL,NULL,NULL,NULL,NULL,NULL,NULL,NULL,NULL,NULL,no,yes,['goats'],NULL,1,yes,no,['radio'],NULL,2,['Jan' ;  'Feb' ;  'Mar' ;  'Apr' ;  'Aug' ;  'Sept' ;  'Oct' ;  'Nov' ;  'Dec'],['rely_less_food' ;  'reduce_meals' ;  'go_forest' ;  'lab_ex_food'],-19.11212691,33.48350764,722,9
21-Nov-16,Villiage_C,12,yes,10,no,20,no,no,no,no,mabatisloping,burntbricks,cement,yes,1,4,yes,2,no,2,NULL,NULL,NULL,NULL,NULL,NULL,NULL,NULL,NULL,NULL,NULL,NULL,NULL,NULL,NULL,yes,no,['oxen' ;  'cows' ;  'goats'],NULL,3,yes,no,['cow_cart' ;  'bicycle' ;  'television' ;  'radio' ;  'cow_plough' ;  'solar_panel' ;  'electricity' ;  'mobile_phone'],NULL,3,['none'],['na'],-19.11219352,33.4833833,699,10
21-Nov-16,Villiage_C,8,no,6,no,4,no,no,no,no,mabatisloping,burntbricks,cement,yes,2,2,yes,3,yes,NULL,3,yes,['Sept' ;  'Oct'],8,yes,no,NULL,no,NULL,no,never,no,NULL,NULL,less_half,yes,no,['oxen' ;  'cows' ;  'goats'],NULL,3,no,no,['radio' ;  'table' ;  'sofa_set' ;  'mobile_phone'],NULL,2,['Nov' ;  'Dec'],['lab_ex_food'],-19.11218803,33.48343475,745,11
21-Nov-16,Villiage_C,10,yes,11,no,6,no,no,no,no,mabatisloping,burntbricks,cement,no,2,3,yes,3,yes,NULL,3,yes,['Aug' ;  'Sept'],10,yes,no,NULL,no,NULL,no,never,yes,['business' ;  'non_farm_prod'],NULL,more_half,yes,no,['oxen' ;  'cows'],NULL,2,yes,no,['cow_cart' ;  'motorcyle' ;  'television' ;  'radio' ;  'cow_plough' ;  'solar_panel' ;  'solar_torch' ;  'table' ;  'sofa_set' ;  'mobile_phone'],NULL,2,['Jan' ;  'Feb' ;  'Oct'],['na'],-19.11223416,33.4834841,698,11
21-Nov-16,Villiage_C,2,yes,3,no,20,yes,yes,yes,yes,mabatisloping,burntbricks,earth,no,2,2,no,2,yes,NULL,2,yes,['Oct' ;  'Nov'],2,yes,no,NULL,no,NULL,no,never,no,NULL,NULL,abt_half,yes,yes,['oxen' ;  'cows'],NULL,2,yes,no,['radio' ;  'cow_plough' ;  'table' ;  'mobile_phone'],NULL,2,['none'],['na'],-19.11230411,33.48354341,706,12
21-Nov-16,Villiage_C,36,no,7,no,36,no,no,no,no,grass,burntbricks,earth,no,3,2,yes,2,no,2,NULL,NULL,NULL,NULL,NULL,NULL,NULL,NULL,NULL,NULL,NULL,NULL,NULL,NULL,NULL,no,no,['oxen' ;  'cows' ;  'poultry'],NULL,3,yes,no,['bicycle' ;  'radio' ;  'cow_plough' ;  'solar_panel' ;  'solar_torch' ;  'mobile_phone'],NULL,3,['none'],['na'],-19.0430007,33.40508367,679,14
21-Nov-16,Villiage_C,2,no,2,no,2,no,no,no,no,grass,muddaub,earth,no,1,1,yes,3,yes,NULL,3,yes,['Aug' ;  'Sept' ;  'Oct' ;  'Nov'],2,yes,no,NULL,no,NULL,no,more_once,no,NULL,NULL,more_half,no,yes,['none'],NULL,1,yes,no,NULL,NULL,3,['Aug' ;  'Sept' ;  'Oct'],['rely_less_food' ;  'reduce_meals' ;  'borrow_food' ;  'go_forest' ;  'lab_ex_food'],-19.04290893,33.40506932,721,7
21-Nov-16,Villiage_C,10,yes,7,no,10,yes,no,yes,no,mabatisloping,burntbricks,earth,no,1,2,yes,3,yes,NULL,3,yes,['Sept' ;  'Oct' ;  'Nov'],4,yes,yes,['less_work'],yes,yes,no,frequently,no,NULL,NULL,more_half,no,no,['goats'],NULL,1,yes,no,['motorcyle' ;  'bicycle' ;  'radio' ;  'table' ;  'mobile_phone'],NULL,3,['Jan' ;  'Feb'],['rely_less_food' ;  'limit_variety'],-19.04302413,33.40507276,657,6
21-Nov-16,Villiage_C,22,yes,7,yes,22,no,no,no,no,grass,muddaub,earth,no,1,2,no,1,no,1,NULL,NULL,NULL,NULL,NULL,NULL,NULL,NULL,NULL,NULL,NULL,NULL,NULL,NULL,NULL,no,yes,['none'],NULL,1,no,no,['bicycle' ;  'radio' ;  'mobile_phone'],NULL,2,['Jan' ;  'Feb'],['rely_less_food' ;  'limit_variety' ;  'limit_portion' ;  'restrict_adults' ;  'lab_ex_food'],-19.04300478,33.40505449,669,5
21-Nov-16,Villiage_C,15,yes,3,no,2,yes,yes,yes,yes,grass,muddaub,earth,no,7,1,no,1,no,1,NULL,NULL,NULL,NULL,NULL,NULL,NULL,NULL,NULL,NULL,NULL,NULL,NULL,NULL,NULL,no,no,['none'],NULL,1,no,no,NULL,NULL,3,['none'],['na'],-19.04302176,33.40509382,704,4
21-Nov-16,Villiage_C,53,yes,19,yes,69,yes,yes,yes,no,mabatipitched,muddaub,earth,no,8,2,yes,8,yes,NULL,8,yes,['Sept' ;  'Oct'],45,yes,no,NULL,yes,no,no,more_once,yes,['farming'],NULL,more_half,yes,yes,['oxen' ;  'cows' ;  'goats' ;  'pigs' ;  'poultry'],NULL,5,yes,no,['cow_cart' ;  'motorcyle' ;  'radio' ;  'cow_plough' ;  'solar_panel' ;  'mobile_phone'],NULL,2,['none'],['na'],-19.04411399,33.40390565,703,8
21-Nov-16,Villiage_C,20,yes,8,no,34,yes,yes,yes,yes,grass,muddaub,cement,no,2,1,no,2,yes,NULL,2,yes,['Aug' ;  'Sept' ;  'Oct'],20,yes,no,NULL,no,NULL,no,more_once,no,NULL,NULL,more_half,no,no,['oxen' ;  'poultry'],NULL,2,yes,no,['cow_cart' ;  'lorry' ;  'motorcyle' ;  'sterio' ;  'cow_plough' ;  'solar_panel' ;  'mobile_phone'],NULL,2,['none'],['na'],-19.04414887,33.40383602,695,5
17-Nov-16,Villiage_B,18,yes,8,no,18,no,no,no,no,mabatisloping,burntbricks,cement,yes,2,3,yes,2,yes,NULL,2,yes,['Oct' ;  'Nov'],2,yes,no,NULL,yes,no,no,more_once,no,NULL,NULL,more_half,no,no,['oxen' ;  'cows' ;  'goats'],NULL,3,yes,no,['television' ;  'radio' ;  'cow_plough' ;  'solar_panel' ;  'solar_torch' ;  'table' ;  'mobile_phone'],NULL,2,['Jan' ;  'Dec'],['rely_less_food' ;  'limit_variety' ;  'limit_portion' ;  'restrict_adults' ;  'lab_ex_food'],-19.11219065,33.48341559,706,11
17-Nov-16,Villiage_B,45,yes,5,no,45,no,no,no,no,grass,muddaub,earth,no,3,1,no,2,yes,NULL,2,yes,['Sept' ;  'Oct' ;  'Nov'],20,yes,no,NULL,yes,no,no,more_once,no,NULL,NULL,more_half,no,yes,['oxen' ;  'cows'],NULL,2,yes,no,['bicycle' ;  'cow_plough'],NULL,3,['Jan' ;  'Sept' ;  'Oct' ;  'Nov' ;  'Dec'],['rely_less_food' ;  'limit_variety' ;  'limit_portion' ;  'reduce_meals' ;  'restrict_adults' ;  'go_forest'],-19.11211362,33.48342515,733,11
17-Nov-16,Villiage_B,23,yes,6,no,23,no,no,no,no,mabatisloping,sunbricks,earth,no,1,1,no,3,yes,NULL,3,no,NULL,23,yes,no,NULL,yes,no,no,once,no,NULL,NULL,abt_half,yes,yes,['oxen' ;  'cows' ;  'pigs'],NULL,3,no,no,['cow_cart' ;  'bicycle' ;  'radio' ;  'cow_plough' ;  'solar_panel' ;  'mobile_phone'],NULL,3,['none'],['na'],-19.11218058,33.4833843,710,10
17-Nov-16,Villiage_B,8,no,3,no,8,yes,yes,no,no,mabatisloping,burntbricks,earth,no,3,1,no,1,no,1,NULL,NULL,NULL,NULL,NULL,NULL,NULL,NULL,NULL,NULL,NULL,NULL,NULL,NULL,NULL,no,no,['oxen' ;  'cows'],NULL,2,yes,no,['bicycle' ;  'television' ;  'radio' ;  'cow_plough' ;  'solar_panel' ;  'solar_torch' ;  'mobile_phone'],NULL,3,['Jan' ;  'Nov' ;  'Dec'],['rely_less_food' ;  'limit_variety' ;  'lab_ex_food'],-19.11217951,33.48339525,711,12
17-Nov-16,Village_A,19,yes,10,yes,19,no,no,no,no,grass,muddaub,earth,no,3,1,no,2,yes,NULL,2,yes,['Sept' ;  'Oct'],9,yes,no,NULL,yes,no,no,never,no,NULL,NULL,more_half,no,yes,['oxen' ;  'cows' ;  'goats'],NULL,3,yes,yes,['bicycle' ;  'radio' ;  'cow_plough' ;  'solar_panel' ;  'table' ;  'mobile_phone'],NULL,3,['Nov'],['limit_variety' ;  'lab_ex_food'],-19.11222939,33.48337467,696,9
17-Nov-16,Village_A,22,yes,6,no,22,yes,yes,yes,yes,mabatisloping,muddaub,earth,no,1,1,no,1,no,1,NULL,NULL,NULL,NULL,NULL,NULL,NULL,NULL,NULL,NULL,NULL,NULL,NULL,NULL,NULL,no,no,['oxen'],NULL,1,yes,no,NULL,NULL,3,['Nov'],['lab_ex_food'],-19.0433618,33.4046671,0,20
17-Nov-16,Village_A,23,yes,9,yes,23,no,yes,yes,yes,grass,burntbricks,earth,no,1,1,no,2,yes,NULL,2,yes,['Sept' ;  'Oct'],23,yes,no,NULL,yes,no,no,never,no,NULL,NULL,more_half,no,no,['oxen'],NULL,1,yes,no,['bicycle' ;  'radio' ;  'cow_plough' ;  'solar_panel' ;  'table' ;  'mobile_phone'],NULL,3,['Sept' ;  'Oct' ;  'Nov'],['lab_ex_food'],-19.0433618,33.4046671,0,22.112
17-Nov-16,Village_A,22,yes,7,no,22,yes,yes,yes,yes,grass,muddaub,earth,no,1,1,no,1,no,1,NULL,NULL,NULL,NULL,NULL,NULL,NULL,NULL,NULL,NULL,NULL,NULL,NULL,NULL,NULL,no,no,['oxen' ;  'poultry'],NULL,2,no,no,['motorcyle' ;  'bicycle' ;  'radio' ;  'cow_plough' ;  'table'],NULL,3,['Oct' ;  'Nov'],['limit_portion' ;  'reduce_meals'],-19.04339398,33.40485363,679,13
17-Nov-16,Village_A,8,yes,8,no,8,no,no,no,no,grass,sunbricks,earth,yes,1,1,no,2,yes,NULL,2,yes,['Aug' ;  'Sept'],5,yes,no,NULL,no,NULL,no,never,no,NULL,NULL,less_half,no,no,['cows' ;  'goats' ;  'poultry'],NULL,3,yes,no,['mobile_phone'],NULL,3,['Jan' ;  'Nov' ;  'Dec'],['rely_less_food' ;  'limit_variety' ;  'reduce_meals'],-19.04346041,33.40484617,699,10
17-Nov-16,Villiage_B,3,no,7,no,29,no,no,no,no,grass,muddaub,earth,no,2,1,no,4,yes,NULL,4,no,NULL,3,yes,no,NULL,no,NULL,no,never,no,NULL,NULL,abt_half,yes,no,['oxen' ;  'cows'],NULL,2,no,no,['cow_plough' ;  'mobile_phone'],NULL,2,['Jan' ;  'Feb' ;  'Oct' ;  'Nov' ;  'Dec'],['lab_ex_food'],-19.04303063,33.40472726,605,30
17-Nov-16,Villiage_B,3,no,2,no,6,no,no,no,no,grass,muddaub,earth,no,2,1,no,1,no,1,NULL,NULL,NULL,NULL,NULL,NULL,NULL,NULL,NULL,NULL,NULL,NULL,NULL,NULL,NULL,yes,no,['oxen' ;  'cows' ;  'poultry'],NULL,3,yes,no,['radio' ;  'solar_torch'],NULL,2,['Jan' ;  'Dec'],['borrow_food'],-19.04315107,33.40458039,716,11
17-Nov-16,Villiage_B,25,yes,9,no,7,no,no,no,no,grass,muddaub,earth,no,2,1,no,3,yes,NULL,3,yes,['Sept' ;  'Oct'],20,yes,no,NULL,no,NULL,no,never,yes,['farming' ;  'non_farm_prod'],NULL,more_half,yes,no,['oxen' ;  'cows' ;  'goats' ;  'poultry'],NULL,4,no,no,['motorcyle' ;  'bicycle' ;  'television' ;  'radio' ;  'cow_plough' ;  'solar_panel' ;  'solar_torch' ;  'table' ;  'mobile_phone'],NULL,3,['none'],['na'],-19.04312371,33.40466493,703,28
17-Nov-16,Villiage_B,21,yes,10,no,42,yes,yes,yes,yes,mabatisloping,burntbricks,cement,no,3,2,no,5,yes,NULL,5,yes,['Aug' ;  'Sept' ;  'Oct'],21,yes,no,NULL,no,NULL,no,once,no,NULL,NULL,more_half,yes,no,['oxen' ;  'poultry'],NULL,2,no,no,['motorcyle' ;  'computer' ;  'television' ;  'sterio' ;  'solar_panel' ;  'solar_torch' ;  'table' ;  'mobile_phone'],NULL,2,['Sept' ;  'Oct' ;  'Nov'],['lab_ex_food'],-19.04307032,33.40458421,703,5
17-Nov-16,Villiage_B,2,yes,2,no,2,yes,yes,yes,yes,grass,muddaub,earth,no,1,1,yes,2,yes,NULL,2,yes,['Sept' ;  'Oct' ;  'Nov'],2,yes,no,NULL,yes,no,no,once,no,NULL,NULL,more_half,no,no,['none'],NULL,1,no,no,['solar_torch' ;  'mobile_phone'],NULL,3,['none'],['na'],-19.11226093,33.48339791,689,5
16-Nov-16,Villiage_B,48,yes,7,no,58,yes,no,yes,no,grass,muddaub,earth,no,1,1,no,1,no,1,NULL,NULL,NULL,NULL,NULL,NULL,NULL,NULL,NULL,NULL,NULL,NULL,NULL,NULL,NULL,no,no,['oxen' ;  'cows' ;  'poultry'],NULL,3,yes,no,['radio'],NULL,3,['June' ;  'July' ;  'Aug' ;  'Sept' ;  'Oct' ;  'Nov'],['limit_variety'],-19.11222978,33.48353345,689,12
16-Nov-16,49,12,no,6,no,26,yes,yes,yes,yes,mabatisloping,burntbricks,earth,yes,2,2,no,1,no,1,NULL,NULL,NULL,NULL,NULL,NULL,NULL,NULL,NULL,NULL,NULL,NULL,NULL,NULL,NULL,no,yes,['goats' ;  'poultry'],NULL,2,yes,no,['bicycle' ;  'radio' ;  'cow_plough' ;  'solar_panel' ;  'solar_torch' ;  'table' ;  'mobile_phone'],NULL,3,['Jan' ;  'Nov' ;  'Dec'],['reduce_meals' ;  'go_forest' ;  'lab_ex_food'],-19.11228265,33.48334844,694,12
16-Nov-16,Villiage_B,6,yes,6,no,7,no,no,no,no,grass,muddaub,earth,no,1,1,no,1,yes,NULL,1,yes,['Sept' ;  'Oct'],1,no,no,NULL,yes,no,no,never,no,NULL,NULL,abt_half,yes,no,['poultry'],NULL,1,yes,no,['solar_torch'],NULL,2,['June' ;  'July' ;  'Aug' ;  'Sept' ;  'Oct' ;  'Nov' ;  'Dec'],['borrow_food' ;  'go_forest' ;  'lab_ex_food'],-19.11220496,33.48344521,718,12
16-Nov-16,Villiage_B,11,yes,5,no,30,yes,no,yes,no,grass,muddaub,cement,no,1,1,no,1,no,1,NULL,NULL,NULL,NULL,NULL,NULL,NULL,NULL,NULL,NULL,NULL,NULL,NULL,NULL,NULL,no,yes,['poultry'],NULL,1,no,no,['radio'],NULL,3,['Oct' ;  'Nov'],['go_forest' ;  'lab_ex_food'],-19.11221446,33.48338443,709,12
16-Nov-16,Villiage_B,15,yes,11,no,15,no,no,no,no,mabatisloping,burntbricks,cement,yes,1,3,yes,1,yes,NULL,1,yes,['Sept' ;  'Oct' ;  'Nov'],15,no,no,NULL,no,NULL,no,never,no,NULL,NULL,less_half,no,no,['oxen' ;  'cows' ;  'poultry'],NULL,3,yes,no,['motorcyle' ;  'television' ;  'radio' ;  'cow_plough' ;  'solar_panel' ;  'mobile_phone'],NULL,3,['Aug' ;  'Sept' ;  'Oct' ;  'Nov'],['limit_variety' ;  'reduce_meals'],-19.11223637,33.48335287,694,10
16-Nov-16,Villiage_B,16,yes,8,yes,16,yes,yes,yes,yes,mabatisloping,burntbricks,cement,no,2,3,no,3,yes,NULL,3,yes,['Aug' ;  'Sept' ;  'Oct'],16,yes,no,NULL,yes,no,no,frequently,no,NULL,NULL,more_half,no,no,['oxen' ;  'goats'],NULL,2,yes,no,['bicycle' ;  'radio' ;  'mobile_phone'],NULL,2,['Nov'],['rely_less_food' ;  'limit_portion'],-19.11216571,33.48343865,687,10
16-Nov-16,Villiage_B,10,no,7,yes,15,yes,no,yes,no,grass,muddaub,earth,no,3,1,no,1,yes,NULL,1,yes,['Aug' ;  'Sept' ;  'Oct' ;  'Nov' ;  'Dec'],10,yes,no,NULL,no,NULL,no,never,no,NULL,NULL,more_half,no,no,['none'],NULL,1,yes,no,NULL,NULL,2,['Sept' ;  'Oct' ;  'Nov'],['rely_less_food' ;  'lab_ex_food'],-19.11220247,33.48335527,681,9
16-Nov-16,Villiage_B,23,yes,9,no,23,yes,no,yes,no,grass,muddaub,earth,no,2,2,no,1,no,1,NULL,NULL,NULL,NULL,NULL,NULL,NULL,NULL,NULL,NULL,NULL,NULL,NULL,NULL,NULL,no,no,['goats'],NULL,1,yes,no,['television' ;  'cow_plough' ;  'mobile_phone'],NULL,2,['Oct' ;  'Nov'],['lab_ex_food'],-19.11228974,33.48333393,702,11
16-Nov-16,Villiage_B,23,yes,12,no,23,yes,yes,yes,yes,mabatisloping,burntbricks,cement,no,4,2,no,2,yes,NULL,2,yes,['Sept' ;  'Oct'],23,yes,no,NULL,yes,no,no,never,no,NULL,NULL,more_half,no,no,['oxen' ;  'goats'],NULL,2,yes,no,['motorcyle' ;  'bicycle' ;  'mobile_phone'],NULL,3,['none'],['na'],-19.11217264,33.48341837,689,10
16-Nov-16,Villiage_B,20,yes,4,no,27,yes,yes,yes,yes,grass,burntbricks,earth,no,4,1,no,2,yes,NULL,2,no,NULL,20,yes,no,NULL,no,NULL,no,never,no,NULL,NULL,less_half,no,no,['none'],NULL,1,no,no,['radio'],NULL,2,['none'],['na'],-19.11227947,33.48338576,695,10
16-Nov-16,Villiage_B,35,yes,11,no,45,yes,yes,yes,yes,mabatisloping,burntbricks,earth,no,5,3,no,3,yes,NULL,3,no,NULL,35,yes,no,NULL,no,NULL,no,never,no,NULL,NULL,more_half,no,no,['oxen' ;  'cows' ;  'goats'],NULL,3,no,no,['motorcyle' ;  'bicycle' ;  'television' ;  'radio' ;  'cow_plough' ;  'solar_panel' ;  'mobile_phone'],NULL,2,['none'],['na'],-19.1121758,33.48332076,723,11
16-Nov-16,Villiage_B,60,no,2,no,60,yes,yes,yes,yes,grass,muddaub,earth,no,1,3,yes,2,no,2,NULL,NULL,NULL,NULL,NULL,NULL,NULL,NULL,NULL,NULL,NULL,NULL,NULL,NULL,NULL,no,no,['oxen' ;  'cows' ;  'poultry'],NULL,3,no,no,NULL,NULL,2,['none'],['na'],-19.1123395,33.48333251,683,13
16-Nov-16,Villiage_B,12,yes,8,no,15,yes,yes,yes,yes,grass,burntbricks,earth,no,3,2,no,3,yes,NULL,3,yes,['Aug' ;  'Sept' ;  'Oct'],12,yes,no,NULL,no,NULL,no,never,no,NULL,NULL,more_half,yes,yes,['oxen' ;  'cows' ;  'goats' ;  'poultry'],NULL,4,yes,no,['cow_plough'],NULL,2,['none'],['na'],-19.11225763,33.48341208,694,11
16-Nov-16,Villiage_B,14,yes,10,no,14,no,yes,yes,yes,grass,muddaub,earth,no,4,1,no,2,yes,NULL,2,yes,['Aug' ;  'Sept' ;  'Oct'],13,yes,no,NULL,yes,yes,no,more_once,no,NULL,NULL,more_half,yes,no,['oxen' ;  'cows' ;  'goats'],NULL,3,yes,no,['cow_cart' ;  'motorcyle' ;  'bicycle' ;  'television' ;  'radio' ;  'cow_plough' ;  'solar_panel' ;  'table' ;  'mobile_phone'],NULL,3,['Jan' ;  'Feb' ;  'Dec'],['rely_less_food' ;  'limit_variety' ;  'reduce_meals' ;  'restrict_adults'],-19.11218035,33.48341635,712,13
16-Nov-16,Villiage_B,5,no,5,no,5,yes,no,no,no,grass,muddaub,earth,no,3,1,no,2,no,2,NULL,NULL,NULL,NULL,NULL,NULL,NULL,NULL,NULL,NULL,NULL,NULL,NULL,NULL,NULL,no,yes,['none'],NULL,1,no,no,['bicycle' ;  'radio' ;  'mobile_phone'],NULL,3,['Aug' ;  'Sept' ;  'Oct' ;  'Nov'],['rely_less_food' ;  'limit_variety' ;  'limit_portion' ;  'reduce_meals' ;  'restrict_adults' ;  'borrow_food' ;  'go_forest' ;  'lab_ex_food'],-19.11216869,33.48339699,719,18
16-Nov-16,Villiage_B,1,yes,4,no,10,yes,yes,no,yes,grass,muddaub,earth,no,1,1,yes,1,no,1,NULL,NULL,NULL,NULL,NULL,NULL,NULL,NULL,NULL,NULL,NULL,NULL,NULL,NULL,NULL,no,yes,['none'],NULL,1,no,no,NULL,NULL,3,['Jan' ;  'Oct' ;  'Nov' ;  'Dec'],['rely_less_food' ;  'limit_variety' ;  'reduce_meals' ;  'restrict_adults'],-19.11220024,33.4833903,702,25
16-Nov-16,Villiage_B,1,no,6,no,1,no,no,no,no,grass,muddaub,earth,no,2,1,no,2,no,2,NULL,NULL,NULL,NULL,NULL,NULL,NULL,NULL,NULL,NULL,NULL,NULL,NULL,NULL,NULL,no,no,['goats'],NULL,1,yes,no,['bicycle' ;  'solar_torch' ;  'table' ;  'sofa_set' ;  'mobile_phone'],NULL,3,['Jan' ;  'Feb' ;  'Dec'],['rely_less_food' ;  'limit_variety' ;  'reduce_meals' ;  'restrict_adults' ;  'lab_ex_food'],-19.1121962,33.48339576,704,9
16-Nov-16,Villiage_B,20,no,8,no,20,no,no,no,no,mabatisloping,burntbricks,earth,no,2,3,no,2,yes,NULL,2,yes,['Sept' ;  'Oct' ;  'Nov'],20,yes,no,NULL,no,NULL,no,once,no,NULL,NULL,abt_half,no,no,['oxen' ;  'cows' ;  'goats'],NULL,3,yes,no,['motorcyle' ;  'radio' ;  'cow_plough' ;  'table'],NULL,3,['Jan' ;  'Feb' ;  'Mar'],['rely_less_food' ;  'limit_variety' ;  'reduce_meals' ;  'lab_ex_food'],-19.11221474,33.48341209,706,39
16-Nov-16,Villiage_B,16,yes,10,no,37,yes,no,no,no,mabatipitched,burntbricks,cement,yes,5,3,yes,1,yes,NULL,1,yes,['Aug' ;  'Sept' ;  'Oct'],10,no,no,NULL,yes,no,no,frequently,no,NULL,NULL,more_half,yes,no,['oxen' ;  'cows' ;  'goats' ;  'donkeys'],NULL,4,yes,no,['cow_cart' ;  'motorcyle' ;  'bicycle' ;  'television' ;  'radio' ;  'cow_plough' ;  'solar_panel' ;  'solar_torch' ;  'mobile_phone'],NULL,3,['none'],['na'],-19.1121722,33.48339142,702,8
16-Nov-16,Villiage_B,9,yes,5,no,31,yes,no,yes,no,mabatipitched,burntbricks,cement,yes,1,2,no,1,yes,NULL,1,yes,['Oct' ;  'Nov'],9,yes,no,NULL,no,NULL,no,more_once,no,NULL,NULL,more_half,yes,yes,['oxen' ;  'cows' ;  'goats' ;  'donkeys'],NULL,4,yes,no,['motorcyle' ;  'radio' ;  'cow_plough' ;  'solar_panel' ;  'mobile_phone'],NULL,3,['none'],['na'],-19.11209398,33.48338805,717,11
16-Nov-16,Villiage_B,21,yes,8,no,52,yes,yes,no,no,mabatipitched,burntbricks,earth,no,3,3,no,3,yes,NULL,3,yes,['Nov' ;  'Dec'],21,yes,no,NULL,no,NULL,no,more_once,no,NULL,NULL,more_half,no,no,['oxen' ;  'cows' ;  'goats'],NULL,3,yes,no,['motorcyle' ;  'television' ;  'sterio' ;  'solar_panel' ;  'mobile_phone'],NULL,3,['none'],['na'],-19.11214985,33.4834782,710,10
16-Nov-16,Villiage_B,12,yes,4,no,12,no,no,no,no,grass,muddaub,earth,no,2,1,no,1,yes,NULL,1,yes,['Nov' ;  'Dec'],12,yes,no,NULL,no,NULL,no,more_once,no,NULL,NULL,more_half,no,no,['goats'],NULL,1,yes,no,['bicycle' ;  'radio' ;  'solar_torch' ;  'mobile_phone'],NULL,3,['none'],['na'],-19.11216693,33.48340465,708,8
16-Nov-16,Villiage_B,20,yes,8,no,25,no,yes,no,no,mabatipitched,burntbricks,earth,no,2,2,yes,3,yes,NULL,3,yes,['Aug' ;  'Sept'],20,yes,no,NULL,no,NULL,no,more_once,no,NULL,NULL,more_half,no,yes,['oxen' ;  'cows' ;  'goats' ;  'poultry'],NULL,4,no,no,['cow_cart' ;  'bicycle' ;  'radio' ;  'cow_plough' ;  'solar_panel' ;  'mobile_phone'],NULL,2,['none'],['na'],-19.11217415,33.48341471,707,8
18-Nov-16,Villiage_C,12,yes,6,no,14,yes,yes,yes,yes,grass,burntbricks,earth,no,1,1,no,2,yes,NULL,2,yes,['Sept' ;  'Oct' ;  'Nov'],1,yes,no,NULL,yes,no,no,more_once,no,NULL,NULL,more_half,no,yes,['oxen' ;  'goats' ;  'poultry'],NULL,3,no,no,['radio' ;  'cow_plough' ;  'mobile_phone'],NULL,2,['Aug' ;  'Sept' ;  'Oct' ;  'Nov'],['rely_less_food' ;  'limit_variety' ;  'limit_portion' ;  'reduce_meals' ;  'restrict_adults' ;  'borrow_food' ;  'lab_ex_food'],-19.11220603,33.48332601,696,4
16-Nov-16,Villiage_B,10,yes,4,no,18,no,no,no,no,grass,burntbricks,earth,no,3,8,no,1,no,1,NULL,NULL,NULL,NULL,NULL,NULL,NULL,NULL,NULL,NULL,NULL,NULL,NULL,NULL,NULL,no,no,['pigs'],NULL,1,no,no,['mobile_phone'],NULL,2,['Aug' ;  'Sept' ;  'Oct'],['borrow_food' ;  'lab_ex_food'],-19.11221396,33.48341359,676,8
23-Nov-16,Villiage_C,2,no,5,yes,25,no,no,no,no,mabatisloping,burntbricks,earth,no,1,2,yes,1,yes,NULL,1,yes,['Nov'],2,yes,no,NULL,no,NULL,no,never,no,NULL,NULL,abt_half,no,yes,['oxen' ;  'cows' ;  'goats' ;  'sheep' ;  'poultry'],NULL,5,yes,no,['cow_cart' ;  'car' ;  'lorry' ;  'motorcyle' ;  'bicycle' ;  'television' ;  'sterio' ;  'cow_plough' ;  'solar_panel' ;  'solar_torch' ;  'electricity' ;  'table' ;  'sofa_set' ;  'mobile_phone' ;  'fridge'],NULL,3,['Jan' ;  'Oct' ;  'Nov'],['na'],-19.1041288,33.4777622,0,2099.999
24-Nov-16,Villiage_C,15,yes,10,no,16,yes,no,yes,no,grass,burntbricks,cement,no,3,1,no,2,yes,NULL,2,yes,['Sept' ;  'Oct' ;  'Nov'],16,yes,no,NULL,yes,no,no,once,no,NULL,NULL,abt_half,no,no,['oxen' ;  'cows' ;  'goats'],NULL,3,yes,yes,['motorcyle' ;  'bicycle' ;  'radio' ;  'sterio' ;  'cow_plough' ;  'solar_panel' ;  'mobile_phone'],NULL,3,['none'],['na'],-19.1121034,33.48344669,702,11
24-Nov-16,Villiage_C,41,no,5,no,41,yes,yes,yes,yes,grass,burntbricks,earth,no,1,1,no,1,no,1,NULL,NULL,NULL,NULL,NULL,NULL,NULL,NULL,NULL,NULL,NULL,NULL,NULL,NULL,NULL,no,yes,['goats'],NULL,1,yes,no,NULL,NULL,2,['Oct' ;  'Nov'],['rely_less_food' ;  'limit_variety' ;  'limit_portion' ;  'reduce_meals' ;  'no_food' ;  'day_night_hungry'],-19.11223572,33.48345393,691,12
24-Nov-16,Village_A,5,no,4,no,4,no,no,no,no,grass,burntbricks,earth,no,2,1,no,2,no,2,NULL,NULL,NULL,NULL,NULL,NULL,NULL,NULL,NULL,NULL,NULL,NULL,NULL,NULL,NULL,yes,no,['none'],NULL,1,yes,no,['electricity'],NULL,2,['Jan' ;  'Sept' ;  'Oct' ;  'Nov' ;  'Dec'],['limit_variety' ;  'reduce_meals' ;  'borrow_food' ;  'go_forest' ;  'lab_ex_food'],-19.11220708,33.48342364,713,13
25-Nov-16,Villiage_C,20,yes,5,no,79,yes,yes,yes,no,mabatisloping,burntbricks,earth,no,1,2,yes,3,yes,NULL,3,yes,['Oct' ;  'Nov'],20,yes,no,NULL,yes,yes,no,frequently,no,NULL,NULL,abt_half,yes,yes,['oxen' ;  'cows' ;  'goats'],NULL,3,no,no,['radio' ;  'cow_plough' ;  'solar_panel' ;  'mobile_phone'],NULL,3,['none'],['na'],-19.1123581,33.48355586,714,50
25-Nov-16,Village_A,11,yes,10,no,13,no,no,no,no,grass,sunbricks,earth,no,2,1,no,2,yes,NULL,2,yes,['Oct' ;  'Nov'],11,no,no,NULL,no,NULL,no,more_once,no,NULL,NULL,more_half,yes,no,['oxen' ;  'cows'],NULL,2,yes,no,['motorcyle' ;  'television' ;  'cow_plough' ;  'solar_panel' ;  'mobile_phone'],NULL,3,['Nov'],['na'],-19.1120537,33.48349493,713,9
25-Nov-16,Villiage_C,4,no,7,no,50,yes,yes,yes,yes,grass,muddaub,earth,no,1,1,yes,2,yes,NULL,2,yes,['Aug' ;  'Sept' ;  'Oct' ;  'Nov'],4,yes,no,NULL,no,NULL,no,never,no,NULL,NULL,abt_half,no,yes,['oxen' ;  'cows' ;  'goats'],NULL,3,yes,no,['cow_plough' ;  'solar_panel'],NULL,3,['Oct' ;  'Nov'],['rely_less_food' ;  'reduce_meals' ;  'lab_ex_food'],-19.11204921,33.48346659,701,4
25-Nov-16,Village_A,20,yes,11,no,25,yes,no,yes,no,mabatipitched,sunbricks,earth,yes,4,2,yes,1,yes,NULL,1,yes,['Sept' ;  'Oct'],23,yes,no,NULL,yes,no,no,more_once,no,NULL,NULL,more_half,no,no,['oxen' ;  'cows' ;  'goats'],NULL,3,yes,no,['cow_cart' ;  'motorcyle' ;  'bicycle' ;  'television' ;  'radio' ;  'cow_plough' ;  'solar_panel' ;  'mobile_phone'],NULL,3,['none'],['na'],-19.11207501,33.48351086,701,5
25-Nov-16,Village_A,20,no,7,no,21,no,no,no,no,mabatipitched,muddaub,earth,no,2,3,yes,1,yes,NULL,1,yes,['Sept' ;  'Oct' ;  'Nov'],20,yes,no,NULL,no,NULL,no,more_once,no,NULL,NULL,more_half,no,no,['oxen' ;  'cows'],NULL,2,yes,no,['solar_panel'],NULL,3,['Jan' ;  'Feb' ;  'Nov' ;  'Dec'],['na'],-19.11204151,33.48345447,694,4
28-Nov-16,Village_A,24,no,7,no,24,yes,no,yes,no,grass,muddaub,earth,no,1,1,no,1,yes,NULL,1,yes,['Sept' ;  'Oct'],21,yes,no,NULL,no,NULL,no,more_once,no,NULL,NULL,more_half,no,no,['oxen' ;  'cows'],NULL,2,no,no,['cow_plough' ;  'mobile_phone'],NULL,3,['none'],['na'],-19.11232028,33.48346266,690,10
28-Nov-16,Village_A,1,yes,5,no,43,yes,no,no,yes,grass,muddaub,earth,no,3,2,yes,2,yes,NULL,2,yes,['Sept' ;  'Oct' ;  'Nov'],24,yes,no,NULL,yes,no,no,more_once,no,NULL,NULL,more_half,no,no,['oxen' ;  'cows' ;  'goats' ;  'poultry'],NULL,4,yes,no,['cow_cart' ;  'motorcyle' ;  'bicycle' ;  'television' ;  'radio' ;  'cow_plough' ;  'solar_panel' ;  'solar_torch' ;  'mobile_phone'],NULL,3,['none'],['na'],-19.1122345,33.48349248,691,13
28-Nov-16,Village_A,7,yes,5,no,48,yes,yes,no,no,grass,burntbricks,earth,no,3,1,no,3,yes,NULL,3,yes,['Sept' ;  'Oct' ;  'Nov'],5,yes,no,NULL,no,NULL,no,never,no,NULL,NULL,more_half,yes,no,['oxen' ;  'cows' ;  'poultry'],NULL,3,no,no,['cow_cart' ;  'bicycle' ;  'radio' ;  'cow_plough' ;  'solar_torch'],NULL,2,['Sept' ;  'Oct' ;  'Nov'],['lab_ex_food'],-19.11220559,33.48342104,706,9
28-Nov-16,Village_A,21,yes,7,no,49,yes,yes,yes,yes,mabatisloping,burntbricks,earth,no,2,2,no,2,yes,NULL,2,yes,['Oct' ;  'Nov'],21,yes,no,NULL,yes,no,no,more_once,no,NULL,NULL,more_half,no,no,['oxen' ;  'cows' ;  'goats'],NULL,3,yes,no,['radio' ;  'cow_plough' ;  'mobile_phone'],NULL,3,['none'],['na'],-19.11220357,33.48340018,694,10
28-Nov-16,Village_A,11,no,5,yes,19,yes,yes,no,no,mabatisloping,burntbricks,cement,yes,1,2,no,2,yes,NULL,2,yes,['Aug' ;  'Sept' ;  'Oct' ;  'Nov'],11,yes,no,NULL,no,NULL,no,more_once,no,NULL,NULL,more_half,yes,no,['oxen' ;  'cows' ;  'goats'],NULL,3,yes,yes,['bicycle' ;  'television' ;  'radio' ;  'cow_plough' ;  'solar_torch' ;  'table' ;  'mobile_phone'],NULL,2,['Nov'],['rely_less_food' ;  'limit_variety' ;  'reduce_meals'],-19.11218716,33.4833828,714,11
28-Nov-16,Village_A,11,no,3,no,49,no,no,no,no,grass,burntbricks,earth,no,1,1,no,2,yes,NULL,2,yes,['Jan' ;  'Dec'],11,yes,no,NULL,no,NULL,no,never,no,NULL,NULL,less_half,yes,no,['none'],NULL,1,yes,no,NULL,NULL,3,['Nov'],['reduce_meals' ;  'lab_ex_food'],-19.11212338,33.48338774,716,7
21-Nov-16,Village_A,6,yes,4,no,6,yes,yes,yes,yes,grass,muddaub,earth,no,1,2,no,2,no,2,NULL,NULL,NULL,NULL,NULL,NULL,NULL,NULL,NULL,NULL,NULL,NULL,NULL,NULL,NULL,no,yes,['oxen' ;  'cows'],NULL,2,yes,no,['bicycle' ;  'radio' ;  'solar_torch' ;  'mobile_phone'],NULL,2,['Oct' ;  'Nov' ;  'Dec'],['borrow_food' ;  'lab_ex_food'],-19.11217226,33.48338504,685,10
17-Nov-16,Village_A,12,yes,12,no,12,no,no,no,no,mabatisloping,burntbricks,cement,no,2,4,yes,2,yes,NULL,2,yes,['Aug' ;  'Sept' ;  'Oct' ;  'Nov' ;  'Dec'],9,yes,no,NULL,yes,no,no,more_once,no,NULL,NULL,more_half,no,yes,['oxen' ;  'cows' ;  'goats'],NULL,3,yes,no,['cow_cart' ;  'radio' ;  'cow_plough' ;  'solar_panel' ;  'solar_torch' ;  'table' ;  'mobile_phone'],NULL,3,['Jan' ;  'Feb' ;  'Mar' ;  'Oct' ;  'Nov' ;  'Dec'],['rely_less_food' ;  'limit_variety' ;  'reduce_meals' ;  'restrict_adults' ;  'lab_ex_food'],-19.11218863,33.48340466,705,5
26-Apr-17,Villiage_C,24,yes,6,no,24,yes,yes,yes,yes,grass,muddaub,earth,no,2,1,no,3,yes,NULL,3,yes,['Aug' ;  'Sept' ;  'Oct' ;  'Nov'],4,yes,no,NULL,yes,yes,no,more_once,no,NULL,NULL,more_half,no,yes,['oxen' ;  'cows' ;  'goats'],NULL,3,yes,no,['bicycle' ;  'radio' ;  'cow_plough'],NULL,2,['Jan' ;  'Aug' ;  'Sept' ;  'Oct' ;  'Nov' ;  'Dec'],['rely_less_food' ;  'limit_variety' ;  'limit_portion' ;  'reduce_meals' ;  'lab_ex_food'],-19.11221489,33.48347358,716,5
26-Apr-17,Villiage_C,6,yes,7,no,9,yes,no,no,no,mabatisloping,burntbricks,cement,no,2,2,no,3,yes,NULL,3,yes,['Sept' ;  'Oct' ;  'Nov'],4,yes,yes,['cheaper' ;  'less_work' ;  'train_outside_org'],yes,no,no,more_once,no,NULL,NULL,more_half,yes,no,['oxen' ;  'cows' ;  'goats'],NULL,3,yes,no,['cow_cart' ;  'motorcyle' ;  'bicycle' ;  'television' ;  'radio' ;  'cow_plough' ;  'solar_panel' ;  'table' ;  'mobile_phone'],NULL,3,['Jan' ;  'Sept' ;  'Oct'],['rely_less_food' ;  'limit_variety'],-19.11219747,33.48341488,714,4
26-Apr-17,Villiage_C,22,yes,17,no,48,yes,yes,yes,yes,mabatipitched,burntbricks,cement,no,5,2,no,6,yes,NULL,6,yes,['Sept' ;  'Oct'],22,yes,no,NULL,yes,yes,no,more_once,no,NULL,NULL,more_half,no,no,['oxen' ;  'cows' ;  'goats' ;  'poultry'],NULL,4,yes,no,['bicycle' ;  'radio' ;  'cow_plough' ;  'solar_panel' ;  'mobile_phone'],NULL,3,['none'],['na'],-19.11220193,33.48341762,702,9
27-Apr-17,Villiage_C,17,yes,5,no,22,no,no,no,no,mabatisloping,burntbricks,earth,no,2,1,no,2,yes,NULL,2,yes,['Aug' ;  'Sept' ;  'Oct'],17,yes,no,NULL,yes,no,no,never,no,NULL,NULL,abt_half,no,no,['oxen' ;  'cows'],NULL,2,no,no,['radio' ;  'cow_plough' ;  'solar_torch'],NULL,2,['Aug' ;  'Sept' ;  'Oct'],['borrow_food' ;  'lab_ex_food'],-19.11231638,33.48349754,693,33
27-Apr-17,Villiage_C,12,yes,7,no,40,yes,yes,yes,yes,grass,sunbricks,earth,no,3,1,no,3,yes,NULL,3,yes,['Sept' ;  'Oct'],12,yes,no,NULL,no,NULL,no,never,no,NULL,NULL,abt_half,yes,yes,['oxen' ;  'cows'],NULL,2,yes,no,['radio' ;  'cow_plough'],NULL,2,['Oct' ;  'Nov'],['na'],-19.11235114,33.48358508,697,10
27-Apr-17,Village_A,10,no,5,no,10,yes,yes,no,yes,mabatisloping,burntbricks,cement,yes,2,2,yes,2,yes,NULL,2,yes,['Sept' ;  'Oct'],10,no,no,NULL,no,NULL,no,never,no,NULL,NULL,less_half,no,yes,['oxen' ;  'cows' ;  'goats'],NULL,3,no,no,['bicycle' ;  'radio' ;  'cow_plough' ;  'solar_panel' ;  'solar_torch' ;  'table' ;  'mobile_phone'],NULL,3,['Oct' ;  'Nov'],['rely_less_food' ;  'limit_variety' ;  'go_forest' ;  'lab_ex_food'],-19.11231667,33.48348329,710,13
27-Apr-17,Village_A,10,no,3,no,4,yes,yes,no,no,grass,muddaub,earth,no,1,1,no,2,yes,NULL,2,yes,['Sept' ;  'Oct' ;  'Nov'],10,yes,no,NULL,no,NULL,no,never,no,NULL,NULL,abt_half,no,yes,['goats'],NULL,1,no,yes,['bicycle' ;  'solar_torch'],NULL,3,['Sept' ;  'Oct' ;  'Nov'],['rely_less_food' ;  'limit_variety' ;  'reduce_meals' ;  'restrict_adults' ;  'borrow_food' ;  'lab_ex_food'],-19.11223501,33.48341767,702,11
27-Apr-17,Villiage_C,50,no,6,no,96,yes,yes,yes,yes,mabatisloping,sunbricks,earth,no,2,1,no,2,yes,NULL,2,yes,['Aug' ;  'Sept' ;  'Oct' ;  'Nov'],10,yes,no,NULL,no,NULL,no,never,no,NULL,NULL,less_half,yes,no,['oxen' ;  'cows' ;  'goats' ;  'pigs' ;  'poultry'],NULL,5,yes,no,['cow_cart' ;  'cow_plough' ;  'solar_panel' ;  'sofa_set' ;  'mobile_phone'],NULL,3,['Jan' ;  'Feb' ;  'Dec'],['go_forest'],-19.11219049,33.48337002,712,9
28-Apr-17,Villiage_C,15,yes,12,no,15,no,no,no,no,mabatisloping,burntbricks,earth,no,3,2,no,2,yes,NULL,2,yes,['Aug' ;  'Sept' ;  'Oct'],2,yes,no,NULL,yes,yes,no,frequently,no,NULL,NULL,less_half,no,yes,['cows' ;  'goats'],NULL,2,no,no,['cow_plough' ;  'table' ;  'sofa_set' ;  'mobile_phone'],NULL,3,['Jan' ;  'Feb'],['lab_ex_food'],-19.04413333,33.40388996,691,11
28-Apr-17,Villiage_C,20,no,6,no,48,yes,no,yes,no,mabatipitched,burntbricks,earth,no,2,1,no,2,yes,NULL,2,yes,['Aug' ;  'Sept'],20,yes,no,NULL,no,NULL,no,more_once,no,NULL,NULL,abt_half,no,no,['oxen' ;  'cows'],NULL,2,no,no,['cow_plough'],NULL,2,['Aug' ;  'Sept' ;  'Oct'],['na'],-19.04402591,33.40398184,723,11
28-Apr-17,Villiage_C,12,no,5,no,12,no,no,no,no,mabatipitched,muddaub,earth,no,1,1,no,1,yes,NULL,1,yes,['Sept' ;  'Oct' ;  'Nov'],12,yes,no,NULL,no,NULL,no,more_once,no,NULL,NULL,more_half,no,yes,['none'],NULL,1,yes,no,['cow_cart' ;  'bicycle' ;  'radio' ;  'cow_plough' ;  'solar_panel' ;  'solar_torch'],NULL,3,['none'],['na'],-19.04415001,33.40390046,689,6
28-Apr-17,Villiage_C,35,no,14,no,52,yes,no,yes,no,grass,sunbricks,cement,no,4,1,yes,4,yes,NULL,4,yes,['Aug' ;  'Sept'],16,yes,no,NULL,yes,no,no,never,no,NULL,NULL,abt_half,no,no,['oxen' ;  'cows' ;  'goats' ;  'pigs'],NULL,4,yes,no,['cow_cart' ;  'bicycle' ;  'cow_plough'],NULL,3,['Jan' ;  'Feb' ;  'Dec'],['go_forest' ;  'lab_ex_food'],-19.11225606,33.4833734,711,9
28-Apr-17,Villiage_C,20,yes,6,no,40,yes,no,yes,no,mabatisloping,sunbricks,earth,no,2,1,no,2,yes,NULL,2,yes,['Aug' ;  'Sept' ;  'Oct' ;  'Nov'],1,yes,no,NULL,yes,yes,no,frequently,no,NULL,NULL,more_half,no,yes,['cows' ;  'poultry'],NULL,2,yes,yes,['motorcyle' ;  'radio' ;  'cow_plough' ;  'solar_panel' ;  'mobile_phone'],NULL,3,['Jan' ;  'Feb' ;  'Dec'],['lab_ex_food'],-19.11221203,33.48350526,735,11
30-Apr-17,Village_A,22,yes,15,no,22,no,no,no,no,mabatisloping,sunbricks,cement,yes,4,5,yes,5,yes,NULL,5,yes,['Aug' ;  'Sept' ;  'Oct' ;  'Nov'],21,yes,no,NULL,no,NULL,no,never,no,NULL,NULL,more_half,yes,no,['oxen' ;  'cows'],NULL,2,yes,no,['cow_cart' ;  'motorcyle' ;  'bicycle' ;  'radio' ;  'sterio' ;  'cow_plough' ;  'solar_panel' ;  'solar_torch' ;  'table' ;  'mobile_phone'],NULL,3,['Oct' ;  'Nov' ;  'Dec'],['lab_ex_food' ;  'seek_government'],-19.11220965,33.48340866,709,5
3-May-17,Village_A,12,yes,4,no,12,yes,no,yes,no,grass,sunbricks,earth,no,1,1,yes,3,no,3,NULL,NULL,NULL,NULL,NULL,NULL,NULL,NULL,NULL,NULL,NULL,NULL,NULL,NULL,NULL,no,no,['oxen' ;  'cows' ;  'goats'],NULL,3,yes,no,['cow_cart' ;  'bicycle' ;  'radio' ;  'cow_plough' ;  'table'],NULL,3,['July' ;  'Aug' ;  'Sept' ;  'Oct' ;  'Nov'],['rely_less_food' ;  'limit_portion' ;  'reduce_meals'],-19.11222402,33.48338036,699,10
3-May-17,Villiage_C,22,no,6,no,22,yes,yes,yes,yes,mabatisloping,sunbricks,cement,no,2,3,yes,3,yes,NULL,3,yes,['Aug' ;  'Sept' ;  'Oct' ;  'Nov'],22,yes,no,NULL,no,NULL,no,never,no,NULL,NULL,abt_half,no,no,['oxen' ;  'cows' ;  'goats'],NULL,3,yes,no,['bicycle' ;  'radio' ;  'cow_plough' ;  'table' ;  'mobile_phone'],NULL,2,['none'],['na'],-19.11219756,33.48339714,704,9
3-May-17,Villiage_C,16,no,11,yes,26,yes,no,no,no,mabatisloping,burntbricks,cement,no,2,3,yes,3,yes,NULL,3,yes,['Sept' ;  'Oct'],2,yes,no,NULL,no,NULL,no,never,no,NULL,NULL,less_half,yes,no,['oxen' ;  'cows' ;  'goats' ;  'poultry'],NULL,4,no,no,['cow_cart' ;  'motorcyle' ;  'bicycle' ;  'radio' ;  'cow_plough' ;  'solar_panel' ;  'solar_torch' ;  'table' ;  'mobile_phone'],NULL,3,['none'],['na'],-19.11222682,33.48340708,706,12
4-May-17,Villiage_C,6,no,5,no,25,yes,yes,yes,no,grass,muddaub,earth,no,2,1,no,1,no,1,NULL,NULL,NULL,NULL,NULL,NULL,NULL,NULL,NULL,NULL,NULL,NULL,NULL,NULL,NULL,no,yes,['none'],NULL,1,yes,no,['radio' ;  'solar_torch' ;  'mobile_phone'],NULL,3,['Oct' ;  'Nov' ;  'Dec'],['rely_less_food' ;  'limit_variety' ;  'reduce_meals' ;  'borrow_food' ;  'lab_ex_food'],-19.11220573,33.48344178,713,9
4-May-17,Villiage_C,7,yes,5,no,14,no,yes,no,yes,mabatisloping,burntbricks,earth,no,1,1,no,3,yes,NULL,3,yes,['Aug' ;  'Sept' ;  'Oct' ;  'Nov'],3,yes,yes,['less_work'],no,NULL,no,more_once,no,NULL,NULL,less_half,yes,yes,['oxen' ;  'cows'],NULL,2,no,yes,['bicycle' ;  'radio' ;  'cow_plough' ;  'solar_panel' ;  'solar_torch' ;  'mobile_phone'],NULL,3,['Jan' ;  'Sept' ;  'Oct' ;  'Nov' ;  'Dec'],['borrow_food' ;  'lab_ex_food'],-19.11218005,33.4834101,682,11
4-May-17,Ruaca-Nhamuenda,14,no,3,yes,14,yes,no,no,no,grass,muddaub,earth,no,4,1,no,2,yes,NULL,2,no,NULL,3,yes,no,NULL,no,NULL,no,never,no,NULL,NULL,more_half,no,no,['oxen' ;  'cows' ;  'goats' ;  'poultry'],NULL,4,no,no,['bicycle' ;  'cow_plough' ;  'solar_panel' ;  'mobile_phone'],NULL,3,['none'],['na'],-19.11225658,33.48334839,706,5
11-May-17,Ruaca - Nhamuenda,16,no,4,no,16,yes,yes,no,no,mabatisloping,sunbricks,cement,no,3,2,yes,2,no,2,NULL,NULL,NULL,NULL,NULL,NULL,NULL,NULL,NULL,NULL,NULL,NULL,NULL,NULL,NULL,yes,no,['oxen' ;  'cows' ;  'goats'],NULL,3,yes,no,['cow_cart' ;  'motorcyle' ;  'bicycle' ;  'television' ;  'radio' ;  'cow_plough' ;  'solar_panel' ;  'solar_torch' ;  'table' ;  'mobile_phone'],NULL,3,['none'],['na'],-19.1114691,33.4761047,0,20
11-May-17,Village_A,22,no,15,no,22,no,yes,no,yes,mabatisloping,burntbricks,cement,no,3,2,yes,3,yes,NULL,3,yes,['Sept' ;  'Oct' ;  'Nov'],16,yes,no,NULL,no,NULL,no,never,no,NULL,NULL,abt_half,no,no,['oxen' ;  'cows' ;  'goats' ;  'poultry'],NULL,4,yes,no,['cow_cart' ;  'bicycle' ;  'radio' ;  'cow_plough' ;  'solar_panel' ;  'table' ;  'mobile_phone'],NULL,3,['Aug' ;  'Sept' ;  'Oct' ;  'Nov'],['rely_less_food' ;  'limit_portion' ;  'reduce_meals'],-19.1114691,33.4761047,0,20
11-May-17,Ruaca-Nhamuenda,21,yes,5,no,25,no,no,no,no,grass,burntbricks,cement,no,2,3,yes,1,no,1,NULL,NULL,NULL,NULL,NULL,NULL,NULL,NULL,NULL,NULL,NULL,NULL,NULL,NULL,NULL,no,yes,['oxen' ;  'cows' ;  'goats'],NULL,3,yes,no,['motorcyle' ;  'bicycle' ;  'television' ;  'radio' ;  'cow_plough' ;  'solar_panel' ;  'solar_torch' ;  'table' ;  'mobile_phone'],NULL,3,['Jan' ;  'Nov' ;  'Dec'],['rely_less_food' ;  'limit_variety' ;  'reduce_meals' ;  'lab_ex_food'],-19.1114691,33.4761047,0,20
11-May-17,Ruaca-Nhamuenda,1,no,10,no,28,yes,yes,yes,no,grass,muddaub,cement,no,1,4,no,1,no,1,NULL,NULL,NULL,NULL,NULL,NULL,NULL,NULL,NULL,NULL,NULL,NULL,NULL,NULL,NULL,no,yes,['none'],NULL,1,yes,no,['motorcyle' ;  'television' ;  'radio' ;  'solar_panel' ;  'solar_torch' ;  'table' ;  'mobile_phone'],NULL,3,['Jan' ;  'Feb' ;  'Nov' ;  'Dec'],['rely_less_food' ;  'limit_variety' ;  'reduce_meals' ;  'restrict_adults' ;  'borrow_food' ;  'lab_ex_food'],-19.1114691,33.4761047,0,20
18-May-17,Villiage_C,5,no,7,no,5,yes,yes,yes,yes,mabatisloping,burntbricks,cement,no,3,4,no,2,yes,NULL,2,yes,['Sept' ;  'Oct' ;  'Nov'],5,yes,no,NULL,no,NULL,yes,frequently,yes,['farming'],NULL,abt_half,no,no,['oxen' ;  'cows' ;  'goats' ;  'sheep'],NULL,4,yes,no,['cow_cart' ;  'television' ;  'radio' ;  'cow_plough' ;  'solar_panel' ;  'solar_torch' ;  'table' ;  'mobile_phone'],NULL,2,['none'],['na'],-19.11218801,33.48342233,710,5
18-May-17,Villiage_C,24,yes,10,no,24,yes,no,no,no,grass,burntbricks,earth,no,3,2,yes,3,yes,NULL,3,yes,['Sept' ;  'Oct' ;  'Nov'],12,yes,no,NULL,no,NULL,no,frequently,no,NULL,NULL,more_half,yes,no,['oxen' ;  'cows' ;  'goats'],NULL,3,yes,no,['cow_cart' ;  'motorcyle' ;  'television' ;  'radio' ;  'cow_plough' ;  'solar_torch' ;  'table' ;  'mobile_phone'],NULL,3,['Jan' ;  'Dec'],['rely_less_food' ;  'limit_variety'],-19.1124845,33.4763322,0,1911
18-May-17,Villiage_C,8,no,7,no,8,no,yes,no,yes,grass,muddaub,earth,no,2,1,no,2,yes,NULL,2,yes,['Apr' ;  'May' ;  'June' ;  'July' ;  'Aug' ;  'Sept' ;  'Oct' ;  'Nov'],8,yes,no,NULL,no,NULL,no,never,no,NULL,NULL,less_half,no,yes,['cows'],NULL,1,no,yes,['mobile_phone'],NULL,3,['Sept' ;  'Oct' ;  'Nov'],['reduce_meals' ;  'lab_ex_food'],-19.11147739,33.47618369,709,17
18-May-17,Village_A,17,yes,4,no,24,yes,no,yes,no,grass,sunbricks,earth,no,2,1,no,2,yes,NULL,2,no,NULL,2,yes,no,NULL,no,NULL,no,never,no,NULL,NULL,less_half,no,yes,['none'],NULL,1,no,no,['radio' ;  'solar_panel' ;  'solar_torch'],NULL,3,['Sept' ;  'Oct' ;  'Nov'],['lab_ex_food'],-19.11149498,33.47617506,712,28
3-Jun-17,Village_A,3,yes,7,no,13,yes,yes,yes,yes,mabatisloping,burntbricks,earth,no,2,2,no,3,yes,NULL,3,yes,['Jan' ;  'Dec'],3,yes,no,NULL,yes,yes,no,frequently,no,NULL,NULL,more_half,yes,yes,['oxen' ;  'cows'],NULL,2,yes,no,['cow_cart' ;  'cow_plough' ;  'solar_torch' ;  'mobile_phone'],NULL,2,['Nov'],['lab_ex_food'],-19.11218456,33.4834495,711,12
3-Jun-17,Villiage_C,14,no,9,no,14,no,no,no,no,grass,burntbricks,earth,no,1,1,yes,2,yes,NULL,2,yes,['Aug' ;  'Sept' ;  'Oct' ;  'Nov' ;  'Dec'],10,yes,no,NULL,no,NULL,no,never,no,NULL,NULL,less_half,no,no,['oxen' ;  'cows' ;  'goats'],NULL,3,yes,no,['cow_cart' ;  'motorcyle' ;  'bicycle' ;  'television' ;  'radio' ;  'cow_plough' ;  'solar_torch' ;  'electricity' ;  'table' ;  'sofa_set' ;  'mobile_phone' ;  'fridge'],NULL,3,['none'],['na'],-19.11217437,33.48346513,708,9
3-Jun-17,Villiage_C,16,no,11,no,16,yes,yes,yes,yes,grass,muddaub,earth,no,2,1,no,3,yes,NULL,3,yes,['Aug' ;  'Sept' ;  'Oct'],2,yes,no,NULL,no,NULL,no,never,no,NULL,NULL,less_half,no,yes,['goats'],NULL,1,yes,no,['bicycle' ;  'solar_torch' ;  'mobile_phone'],NULL,2,['Feb' ;  'Mar'],['go_forest' ;  'lab_ex_food'],-19.1138589,33.4826653,0,1799.999
3-Jun-17,Villiage_C,16,no,8,no,24,yes,no,yes,no,grass,muddaub,earth,no,5,1,no,2,yes,NULL,2,yes,['July' ;  'Aug' ;  'Sept' ;  'Oct' ;  'Nov' ;  'Dec'],16,yes,no,NULL,no,NULL,no,never,no,NULL,NULL,less_half,no,yes,['oxen' ;  'cows' ;  'goats'],NULL,3,yes,yes,['motorcyle' ;  'radio' ;  'cow_plough' ;  'solar_panel' ;  'solar_torch' ;  'table' ;  'mobile_phone'],NULL,2,['Jan' ;  'Nov' ;  'Dec'],['lab_ex_food'],-19.1149887,33.4882685,0,2000
3-Jun-17,Villiage_C,13,no,12,no,25,yes,yes,yes,yes,grass,burntbricks,cement,no,2,2,yes,3,yes,NULL,3,yes,['Sept' ;  'Oct' ;  'Nov' ;  'Dec'],13,yes,yes,['cheaper'],no,NULL,no,never,no,NULL,NULL,more_half,yes,no,['oxen' ;  'cows' ;  'goats'],NULL,3,yes,no,['car' ;  'lorry' ;  'motorcyle' ;  'radio' ;  'sterio' ;  'cow_plough' ;  'solar_panel' ;  'solar_torch' ;  'table' ;  'sofa_set' ;  'mobile_phone' ;  'fridge'],NULL,3,['Jan' ;  'Feb' ;  'Dec'],['lab_ex_food'],-19.11216751,33.48340539,703,3
3-Jun-17,Villiage_C,11,no,7,no,36,yes,yes,yes,yes,mabatisloping,burntbricks,earth,no,2,1,no,2,yes,NULL,2,yes,['Oct' ;  'Nov'],11,yes,no,NULL,no,NULL,no,never,no,NULL,NULL,more_half,no,no,['oxen' ;  'cows' ;  'goats' ;  'poultry'],NULL,4,yes,yes,['motorcyle' ;  'bicycle' ;  'radio' ;  'sterio' ;  'cow_plough' ;  'solar_panel' ;  'table' ;  'mobile_phone'],NULL,2,['Jan' ;  'Oct' ;  'Nov' ;  'Dec'],['na'],-19.11217963,33.48336019,705,5
3-Jun-17,Villiage_C,10,yes,15,no,16,no,yes,no,yes,mabatisloping,sunbricks,earth,no,2,1,yes,3,yes,NULL,3,yes,['Aug' ;  'Sept' ;  'Oct' ;  'Nov' ;  'Dec'],7,yes,no,NULL,no,NULL,no,never,no,NULL,NULL,more_half,no,yes,['oxen' ;  'cows' ;  'goats'],NULL,3,yes,no,['motorcyle' ;  'radio' ;  'sterio' ;  'cow_plough' ;  'solar_panel' ;  'table' ;  'mobile_phone'],NULL,3,['Nov'],['na'],-19.11216796,33.48341529,714,4
3-Jun-17,Villiage_C,3,no,10,no,5,yes,no,yes,no,mabatisloping,burntbricks,cement,yes,1,4,yes,2,yes,NULL,2,yes,['Sept' ;  'Oct' ;  'Nov'],3,yes,no,NULL,no,NULL,no,never,no,NULL,NULL,abt_half,no,no,['cows'],NULL,1,yes,no,['radio' ;  'cow_plough' ;  'solar_panel' ;  'solar_torch' ;  'mobile_phone'],NULL,2,['Oct' ;  'Nov' ;  'Dec'],['go_forest' ;  'lab_ex_food'],-19.11219207,33.48338051,709,9
3-Jun-17,Villiage_B,15,yes,9,no,20,yes,yes,yes,yes,grass,burntbricks,cement,yes,4,1,no,3,yes,NULL,3,yes,['Sept' ;  'Nov'],5,yes,no,NULL,no,NULL,no,once,no,NULL,NULL,more_half,yes,yes,['none'],NULL,1,yes,no,['bicycle' ;  'television' ;  'radio' ;  'sterio' ;  'solar_panel' ;  'solar_torch' ;  'table' ;  'mobile_phone'],NULL,3,['Jan' ;  'Nov' ;  'Dec'],['borrow_food'],-19.11215404,33.48335905,705,4
18-May-17,Villiage_C,5,yes,3,no,7,yes,yes,yes,yes,grass,burntbricks,earth,no,1,1,no,2,yes,NULL,2,yes,['Sept' ;  'Oct' ;  'Nov'],4,yes,no,NULL,no,NULL,no,more_once,no,NULL,NULL,less_half,yes,yes,['oxen' ;  'cows' ;  'goats'],NULL,3,yes,no,['motorcyle' ;  'radio' ;  'solar_panel'],NULL,3,['Oct' ;  'Nov' ;  'Dec'],['rely_less_food' ;  'lab_ex_food'],-19.11219355,33.48337856,700,7
4-Jun-17,Villiage_C,10,no,7,no,10,no,no,no,no,mabatisloping,cement,cement,yes,3,3,yes,4,yes,NULL,4,yes,['Oct' ;  'Nov' ;  'Dec'],10,yes,no,NULL,no,NULL,no,more_once,no,NULL,NULL,more_half,no,yes,['oxen' ;  'cows' ;  'goats'],NULL,3,no,no,['car' ;  'lorry' ;  'television' ;  'radio' ;  'sterio' ;  'cow_plough' ;  'solar_torch' ;  'electricity' ;  'table' ;  'sofa_set' ;  'mobile_phone' ;  'fridge'],NULL,3,['none'],['na'],-19.11215668,33.48339039,720,9
4-Jun-17,Villiage_C,5,no,4,no,5,no,no,yes,no,grass,muddaub,earth,no,2,1,no,2,yes,NULL,2,yes,['Aug' ;  'Sept' ;  'Oct'],2,yes,no,NULL,no,NULL,no,more_once,no,NULL,NULL,more_half,no,yes,['poultry'],NULL,1,no,no,['radio' ;  'solar_panel' ;  'solar_torch' ;  'mobile_phone'],NULL,3,['Sept' ;  'Oct' ;  'Nov'],['lab_ex_food'],-19.11227133,33.48347111,719,10
4-Jun-17,Villiage_B,17,yes,7,no,17,no,no,no,no,mabatisloping,burntbricks,cement,yes,1,2,no,2,yes,NULL,2,yes,['Sept' ;  'Oct' ;  'Nov'],6,yes,no,NULL,yes,yes,no,more_once,yes,['farming' ;  'business'],NULL,more_half,yes,no,['oxen' ;  'cows'],NULL,2,yes,no,['cow_cart' ;  'lorry' ;  'motorcyle' ;  'computer' ;  'television' ;  'radio' ;  'sterio' ;  'cow_plough' ;  'solar_panel' ;  'solar_torch' ;  'electricity' ;  'mobile_phone'],NULL,3,['Nov' ;  'Dec'],['rely_less_food' ;  'limit_variety' ;  'reduce_meals' ;  'restrict_adults' ;  'lab_ex_food'],-19.11227751,33.48338952,711,5
4-Jun-17,Villiage_B,20,yes,8,no,20,no,yes,no,yes,mabatisloping,burntbricks,cement,no,1,2,yes,2,no,2,NULL,NULL,NULL,NULL,NULL,NULL,NULL,NULL,NULL,NULL,NULL,NULL,NULL,NULL,NULL,no,yes,['oxen' ;  'goats' ;  'pigs'],NULL,3,yes,no,['radio' ;  'cow_plough' ;  'solar_panel' ;  'solar_torch' ;  'table' ;  'mobile_phone'],NULL,3,['Oct' ;  'Nov'],['rely_less_food' ;  'restrict_adults' ;  'borrow_food'],-19.11218302,33.48337175,681,20